{
	"camera_data":
	{
		"location_worldframe": [ -70.368598937988281, 951.102783203125, 324.44259643554688 ],
		"quaternion_xyzw_worldframe": [ 0.0966000035405159, 0.13910000026226044, -0.56190001964569092, 0.80970001220703125 ]
	},
	"objects": [
		{
			"class": "mando",
			"instance_id": 15486660,
			"visibility": 1,
			"location": [ -2.2614998817443848, -58.804698944091797, 1078.0206298828125 ],
			"quaternion_xyzw": [ 0.16670000553131104, -0.17520000040531158, -0.030099999159574509, 0.96979999542236328 ],
			"pose_transform": [
				[ -0.34999999403953552, -0.31270000338554382, 0.88300001621246338, 0 ],
				[ 0.93680000305175781, -0.11680000275373459, 0.32989999651908875, 0 ],
				[ 0, -0.94260001182556152, -0.33379998803138733, 0 ],
				[ -2.2614998817443848, -58.804698944091797, 1078.0206298828125, 1 ]
			],
			"cuboid_centroid": [ -57.642898559570313, 4.8091001510620117, 1078.6005859375 ],
			"projected_cuboid_centroid": [ 242.31889343261719, 257.14138793945313 ],
			"bounding_box":
			{
				"top_left": [ 142.56149291992188, 158.62159729003906 ],
				"bottom_right": [ 392.9464111328125, 347.07339477539063 ]
			},
			"cuboid": [
				[ 127.74400329589844, -523.9066162109375, 1277.5340576171875 ],
				[ -436.29409790039063, -453.56451416015625, 1078.908203125 ],
				[ -436.29409790039063, 360.82528686523438, 1367.31982421875 ],
				[ 127.74400329589844, 290.48318481445313, 1565.945556640625 ],
				[ 321.00830078125, -351.20721435546875, 789.88128662109375 ],
				[ -243.0299072265625, -280.864990234375, 591.255615234375 ],
				[ -243.0299072265625, 533.5247802734375, 879.66717529296875 ],
				[ 321.00830078125, 463.18258666992188, 1078.2928466796875 ]
			],
			"projected_cuboid": [
				[ 281.59820556640625, 151.01649475097656 ],
				[ 152.47760009765625, 148.37969970703125 ],
				[ 174.31379699707031, 323.55648803710938 ],
				[ 276.88360595703125, 303.48809814453125 ],
				[ 360.03860473632813, 142.17399597167969 ],
				[ 150.7738037109375, 134.39199829101563 ],
				[ 185.27369689941406, 411.26589965820313 ],
				[ 332.21139526367188, 365.96530151367188 ]
			]
		},
		{
			"class": "SM_RailRig_Mount",
			"instance_id": 16347030,
			"visibility": 0,
			"location": [ 10.509099960327148, -201.37249755859375, 875.4912109375 ],
			"quaternion_xyzw": [ -0.14679999649524689, 0.81819999217987061, -0.37250000238418579, -0.41249999403953552 ],
			"pose_transform": [
				[ -0.5656999945640564, -0.73070001602172852, -0.38209998607635498, 0 ],
				[ -0.61659997701644897, 0.06719999760389328, 0.78439998626708984, 0 ],
				[ 0.54750001430511475, -0.67930001020431519, 0.4885999858379364, 0 ],
				[ 10.509099960327148, -201.37249755859375, 875.4912109375, 1 ]
			],
			"cuboid_centroid": [ 10.509099960327148, -201.37249755859375, 875.4912109375 ],
			"projected_cuboid_centroid": [ 259.072998046875, 197.11729431152344 ],
			"bounding_box":
			{
				"top_left": [ 190.73269653320313, 250.79530334472656 ],
				"bottom_right": [ 204.47549438476563, 267.62890625 ]
			},
			"cuboid": [
				[ -10.798000335693359, -220.25079345703125, 896.71539306640625 ],
				[ 24.37190055847168, -224.08189392089844, 851.97601318359375 ],
				[ 11.747699737548828, -208.41839599609375, 840.7108154296875 ],
				[ -23.422300338745117, -204.58729553222656, 885.45001220703125 ],
				[ 9.2706003189086914, -194.32650756835938, 910.2716064453125 ],
				[ 44.440498352050781, -198.1575927734375, 865.5322265625 ],
				[ 31.816299438476563, -182.49409484863281, 854.26678466796875 ],
				[ -3.3536999225616455, -178.66299438476563, 899.0062255859375 ]
			],
			"projected_cuboid": [
				[ 252.91740417480469, 193.12150573730469 ],
				[ 263.32330322265625, 188.66839599609375 ],
				[ 259.57730102539063, 192.53570556640625 ],
				[ 249.22830200195313, 196.85009765625 ],
				[ 258.6072998046875, 201.34869384765625 ],
				[ 269.1444091796875, 197.39059448242188 ],
				[ 265.53460693359375, 201.31159973144531 ],
				[ 255.04510498046875, 205.12420654296875 ]
			]
		},
		{
			"class": "SM_RailRig_Mount",
			"instance_id": 16777215,
			"visibility": 0,
			"location": [ -48.1697998046875, -260.6072998046875, 965.9605712890625 ],
			"quaternion_xyzw": [ 0.21040000021457672, 0.84249997138977051, -0.46930000185966492, -0.16019999980926514 ],
			"pose_transform": [
				[ -0.46740001440048218, -0.72339999675750732, -0.50819998979568481, 0 ],
				[ -0.86009997129440308, 0.50489997863769531, 0.072499997913837433, 0 ],
				[ -0.20419999957084656, -0.47099998593330383, 0.85820001363754272, 0 ],
				[ -48.1697998046875, -260.6072998046875, 965.9605712890625, 1 ]
			],
			"cuboid_centroid": [ -48.1697998046875, -260.6072998046875, 965.9605712890625 ],
			"projected_cuboid_centroid": [ 243.23410034179688, 186.93359375 ],
			"bounding_box":
			{
				"top_left": [ 179.72970581054688, 234.92019653320313 ],
				"bottom_right": [ 194.49870300292969, 251.12669372558594 ]
			},
			"cuboid": [
				[ -83.344398498535156, -264.47048950195313, 968.90582275390625 ],
				[ -34.284198760986328, -293.26669311523438, 964.772216796875 ],
				[ -29.576900482177734, -282.406494140625, 944.98541259765625 ],
				[ -78.637100219726563, -253.61030578613281, 949.1190185546875 ],
				[ -66.762702941894531, -238.80819702148438, 986.93560791015625 ],
				[ -17.702499389648438, -267.60440063476563, 982.80218505859375 ],
				[ -12.995200157165527, -256.74411010742188, 963.01519775390625 ],
				[ -62.055400848388672, -227.947998046875, 967.1488037109375 ]
			],
			"projected_cuboid": [
				[ 233.97920227050781, 186.122802734375 ],
				[ 246.90289306640625, 178.18240356445313 ],
				[ 247.98759460449219, 179.49510192871094 ],
				[ 234.789794921875, 187.59530639648438 ],
				[ 238.68260192871094, 194.05589294433594 ],
				[ 251.38900756835938, 186.29449462890625 ],
				[ 252.54559326171875, 187.74929809570313 ],
				[ 239.57429504394531, 195.66319274902344 ]
			]
		}
	]
}