{
	"camera_data":
	{
		"location_worldframe": [ -345.29409790039063, 793.2412109375, 324.44259643554688 ],
		"quaternion_xyzw_worldframe": [ 0.072599999606609344, 0.15299999713897705, -0.42239999771118164, 0.8903999924659729 ]
	},
	"objects": [
		{
			"class": "mando",
			"instance_id": 15486660,
			"visibility": 1,
			"location": [ -22.467899322509766, -57.441001892089844, 1074.1697998046875 ],
			"quaternion_xyzw": [ 0.15950000286102295, -0.33100000023841858, -0.056899998337030411, 0.92830002307891846 ],
			"pose_transform": [
				[ -0.63260000944137573, -0.25850000977516174, 0.73000001907348633, 0 ],
				[ 0.77450001239776611, -0.21119999885559082, 0.59630000591278076, 0 ],
				[ 0, -0.94260001182556152, -0.33379998803138733, 0 ],
				[ -22.467899322509766, -57.441001892089844, 1074.1697998046875, 1 ]
			],
			"cuboid_centroid": [ -68.25360107421875, 11.751500129699707, 1058.9971923828125 ],
			"projected_cuboid_centroid": [ 239.50059509277344, 258.84078979492188 ],
			"bounding_box":
			{
				"top_left": [ 141.69590759277344, 137.04660034179688 ],
				"bottom_right": [ 400.55899047851563, 341.91650390625 ]
			},
			"cuboid": [
				[ -9.7828998565673828, -530.411376953125, 1295.9013671875 ],
				[ -476.09298706054688, -403.25210571289063, 936.8408203125 ],
				[ -476.09298706054688, 411.1376953125, 1225.252197265625 ],
				[ -9.7828998565673828, 283.9783935546875, 1584.31298828125 ],
				[ 339.585693359375, -387.63470458984375, 892.74200439453125 ],
				[ -126.72429656982422, -260.47540283203125, 533.68121337890625 ],
				[ -126.72429656982422, 553.91448974609375, 822.09271240234375 ],
				[ 339.585693359375, 426.75518798828125, 1181.1534423828125 ]
			],
			"projected_cuboid": [
				[ 254.06759643554688, 151.21940612792969 ],
				[ 125.90360260009766, 145.80790710449219 ],
				[ 156.52690124511719, 341.90170288085938 ],
				[ 254.41940307617188, 301.88650512695313 ],
				[ 353.37881469726563, 144.84309387207031 ],
				[ 195.21209716796875, 131.05340576171875 ],
				[ 216.53810119628906, 428.48919677734375 ],
				[ 329.60101318359375, 348.49380493164063 ]
			]
		},
		{
			"class": "SM_RailRig_Mount",
			"instance_id": 16347030,
			"visibility": 0,
			"location": [ -30.845600128173828, 190.27490234375, 1013.3135986328125 ],
			"quaternion_xyzw": [ 0.40770000219345093, 0.65520000457763672, -0.39570000767707825, -0.49790000915527344 ],
			"pose_transform": [
				[ -0.97509998083114624, -0.11249999701976776, -0.19110000133514404, 0 ],
				[ -0.17170000076293945, 0.92830002307891846, 0.32980000972747803, 0 ],
				[ -0.14030000567436218, -0.35440000891685486, 0.9244999885559082, 0 ],
				[ -30.845600128173828, 190.27490234375, 1013.3135986328125, 1 ]
			],
			"cuboid_centroid": [ -30.845600128173828, 190.27490234375, 1013.3135986328125 ],
			"projected_cuboid_centroid": [ 248.2073974609375, 304.07040405273438 ],
			"bounding_box":
			{
				"top_left": [ 296.60299682617188, 243.14649963378906 ],
				"bottom_right": [ 310.3551025390625, 253.82879638671875 ]
			},
			"cuboid": [
				[ -54.657501220703125, 210.6676025390625, 1029.9864501953125 ],
				[ -44.862701416015625, 157.72030639648438, 1011.1755981445313 ],
				[ -41.626701354980469, 165.89199829101563, 989.859375 ],
				[ -51.421501159667969, 218.83929443359375, 1008.67041015625 ],
				[ -20.06450080871582, 214.65780639648438, 1036.767578125 ],
				[ -10.269599914550781, 161.71049499511719, 1017.956787109375 ],
				[ -7.0336999893188477, 169.8822021484375, 996.640625 ],
				[ -16.828500747680664, 222.82949829101563, 1015.4515991210938 ]
			],
			"projected_cuboid": [
				[ 242.41520690917969, 308.36080932617188 ],
				[ 244.64219665527344, 295.93020629882813 ],
				[ 245.2344970703125, 298.90341186523438 ],
				[ 242.94940185546875, 311.54129028320313 ],
				[ 251.04580688476563, 309.00360107421875 ],
				[ 253.41749572753906, 296.6676025390625 ],
				[ 254.19340515136719, 299.63650512695313 ],
				[ 251.75759887695313, 312.1763916015625 ]
			]
		},
		{
			"class": "SM_RailRig_Mount",
			"instance_id": 16777215,
			"visibility": 0,
			"location": [ 201.95460510253906, 43.599899291992188, 1168.6259765625 ],
			"quaternion_xyzw": [ -0.099699996411800385, 0.94169998168945313, -0.27149999141693115, 0.17209999263286591 ],
			"pose_transform": [
				[ 0.3781999945640564, -0.47699999809265137, -0.79339998960494995, 0 ],
				[ -0.92089998722076416, -0.28119999170303345, -0.27000001072883606, 0 ],
				[ 0.094300001859664917, -0.83270001411437988, 0.54559999704360962, 0 ],
				[ 201.95460510253906, 43.599899291992188, 1168.6259765625, 1 ]
			],
			"cuboid_centroid": [ 201.95460510253906, 43.599899291992188, 1168.6259765625 ],
			"projected_cuboid_centroid": [ 300.24038696289063, 265.55099487304688 ],
			"bounding_box":
			{
				"top_left": [ 261.21829223632813, 293.398193359375 ],
				"bottom_right": [ 270.50680541992188, 307.04989624023438 ]
			},
			"cuboid": [
				[ 183.48739624023438, 17.520599365234375, 1153.14404296875 ],
				[ 236.0133056640625, 33.557300567626953, 1168.5413818359375 ],
				[ 233.83880615234375, 52.757400512695313, 1155.96142578125 ],
				[ 181.31300354003906, 36.720699310302734, 1140.564208984375 ],
				[ 170.07029724121094, 34.442298889160156, 1181.2904052734375 ],
				[ 222.59609985351563, 50.479000091552734, 1196.6876220703125 ],
				[ 220.42160034179688, 69.67919921875, 1184.1077880859375 ],
				[ 167.89590454101563, 53.642501831054688, 1168.7105712890625 ]
			],
			"projected_cuboid": [
				[ 296.73471069335938, 259.88958740234375 ],
				[ 307.70510864257813, 263.35159301757813 ],
				[ 307.78619384765625, 267.68368530273438 ],
				[ 296.69589233398438, 264.24200439453125 ],
				[ 292.85641479492188, 263.464111328125 ],
				[ 303.61871337890625, 266.7987060546875 ],
				[ 303.65451049804688, 271.06439208984375 ],
				[ 292.77688598632813, 267.75009155273438 ]
			]
		}
	]
}