{
	"camera_data":
	{
		"location_worldframe": [ -123.33450317382813, 929.52081298828125, 324.44259643554688 ],
		"quaternion_xyzw_worldframe": [ 0.092399999499320984, 0.14190000295639038, -0.53780001401901245, 0.82590001821517944 ]
	},
	"objects": [
		{
			"class": "mando",
			"instance_id": 15486660,
			"visibility": 1,
			"location": [ -5.9728999137878418, -58.723899841308594, 1077.792236328125 ],
			"quaternion_xyzw": [ 0.16570000350475311, -0.20370000600814819, -0.035000000149011612, 0.96429997682571411 ],
			"pose_transform": [
				[ -0.40439999103546143, -0.30529999732971191, 0.86210000514984131, 0 ],
				[ 0.91460001468658447, -0.13500000536441803, 0.38119998574256897, 0 ],
				[ 0, -0.94260001182556152, -0.33379998803138733, 0 ],
				[ -5.9728999137878418, -58.723899841308594, 1077.7923583984375, 1 ]
			],
			"cuboid_centroid": [ -60.042400360107422, 5.9647002220153809, 1075.33740234375 ],
			"projected_cuboid_centroid": [ 241.70610046386719, 257.42001342773438 ],
			"bounding_box":
			{
				"top_left": [ 142.38749694824219, 154.4031982421875 ],
				"bottom_right": [ 394.75180053710938, 346.43798828125 ]
			},
			"cuboid": [
				[ 103.62680053710938, -526.1785888671875, 1283.9495849609375 ],
				[ -447.05029296875, -444.89028930664063, 1054.4150390625 ],
				[ -447.05029296875, 369.49951171875, 1342.82666015625 ],
				[ 103.62680053710938, 288.21121215820313, 1572.3609619140625 ],
				[ 326.96551513671875, -357.57009887695313, 807.848388671875 ],
				[ -223.71159362792969, -276.28179931640625, 578.31390380859375 ],
				[ -223.71159362792969, 538.10809326171875, 866.72540283203125 ],
				[ 326.96551513671875, 456.8197021484375, 1096.260009765625 ]
			],
			"projected_cuboid": [
				[ 276.66171264648438, 151.08799743652344 ],
				[ 147.46139526367188, 147.98570251464844 ],
				[ 170.773193359375, 326.44241333007813 ],
				[ 272.87179565429688, 302.92440795898438 ],
				[ 359.61260986328125, 142.68919372558594 ],
				[ 156.97059631347656, 133.69940185546875 ],
				[ 189.92359924316406, 414.9381103515625 ],
				[ 332.35348510742188, 362.67718505859375 ]
			]
		},
		{
			"class": "SM_RailRig_Mount",
			"instance_id": 16347030,
			"visibility": 0.98409998416900635,
			"location": [ -288.08029174804688, 90.220497131347656, 1076.841796875 ],
			"quaternion_xyzw": [ 0.41440001130104065, 0.72879999876022339, 0.25229999423027039, -0.48330000042915344 ],
			"pose_transform": [
				[ -0.49529999494552612, 0.76819998025894165, -0.40569999814033508, 0 ],
				[ -0.18960000574588776, 0.36010000109672546, 0.91339999437332153, 0 ],
				[ -0.84780001640319824, -0.52929997444152832, 0.032800000160932541, 0 ],
				[ -288.08029174804688, 90.220497131347656, 1076.841796875, 1 ]
			],
			"cuboid_centroid": [ -288.08029174804688, 90.220497131347656, 1076.841796875 ],
			"projected_cuboid_centroid": [ 187.51409912109375, 277.44830322265625 ],
			"bounding_box":
			{
				"top_left": [ 272.06561279296875, 183.76319885253906 ],
				"bottom_right": [ 283.49688720703125, 192.46260070800781 ]
			},
			"cuboid": [
				[ -312.04580688476563, 108.01480102539063, 1096.073974609375 ],
				[ -301.23440551757813, 87.473197937011719, 1043.9742431640625 ],
				[ -281.68728637695313, 99.678298950195313, 1043.2183837890625 ],
				[ -292.49868774414063, 120.21990203857422, 1095.3179931640625 ],
				[ -294.47320556640625, 80.762702941894531, 1110.4652099609375 ],
				[ -283.66180419921875, 60.221099853515625, 1058.3656005859375 ],
				[ -264.11468505859375, 72.426200866699219, 1057.6097412109375 ],
				[ -274.92608642578125, 92.967796325683594, 1109.7093505859375 ]
			],
			"projected_cuboid": [
				[ 183.11839294433594, 281.22799682617188 ],
				[ 182.13240051269531, 277.44989013671875 ],
				[ 186.87559509277344, 280.46051025390625 ],
				[ 187.63670349121094, 284.09811401367188 ],
				[ 188.11399841308594, 274.61859130859375 ],
				[ 187.38729858398438, 270.56640625 ],
				[ 192.0697021484375, 273.53118896484375 ],
				[ 192.57710266113281, 277.4468994140625 ]
			]
		},
		{
			"class": "SM_RailRig_Mount",
			"instance_id": 16777215,
			"visibility": 0,
			"location": [ 2.3294000625610352, -31.181499481201172, 1275.339599609375 ],
			"quaternion_xyzw": [ -0.064300000667572021, -0.61379998922348022, -0.36739999055862427, 0.69580000638961792 ],
			"pose_transform": [
				[ -0.8069000244140625, 0.54040002822875977, 0.23829999566078186, 0 ],
				[ -0.023299999535083771, -0.43239998817443848, 0.90140002965927124, 0 ],
				[ -0.59020000696182251, -0.72180002927780151, -0.36149999499320984, 0 ],
				[ 2.3294000625610352, -31.181499481201172, 1275.339599609375, 1 ]
			],
			"cuboid_centroid": [ 2.3294000625610352, -31.181499481201172, 1275.339599609375 ],
			"projected_cuboid_centroid": [ 256.46771240234375, 249.74090576171875 ],
			"bounding_box":
			{
				"top_left": [ 245.00169372558594, 253.49079895019531 ],
				"bottom_right": [ 255.02969360351563, 260.83718872070313 ]
			},
			"cuboid": [
				[ -19.453899383544922, -42.247600555419922, 1301.1053466796875 ],
				[ -18.122200012207031, -17.584800720214844, 1249.693603515625 ],
				[ -4.5141000747680664, -0.94270002841949463, 1258.0294189453125 ],
				[ -5.8457999229431152, -25.605600357055664, 1309.441162109375 ],
				[ 9.1729001998901367, -61.420200347900391, 1292.649658203125 ],
				[ 10.504599571228027, -36.757400512695313, 1241.23779296875 ],
				[ 24.112699508666992, -20.115299224853516, 1249.5736083984375 ],
				[ 22.781000137329102, -44.778099060058594, 1300.9853515625 ]
			],
			"projected_cuboid": [
				[ 252.17239379882813, 247.68760681152344 ],
				[ 252.28779602050781, 252.39779663085938 ],
				[ 255.08149719238281, 255.80819702148438 ],
				[ 254.85719299316406, 250.99409484863281 ],
				[ 257.81671142578125, 243.83619689941406 ],
				[ 258.16659545898438, 248.41900634765625 ],
				[ 260.94009399414063, 251.87899780273438 ],
				[ 260.4827880859375, 247.18890380859375 ]
			]
		}
	]
}