{
	"camera_data":
	{
		"location_worldframe": [ -261.86318969726563, 854.29779052734375, 324.44259643554688 ],
		"quaternion_xyzw_worldframe": [ 0.08060000091791153, 0.14890000224113464, -0.46909999847412109, 0.86669999361038208 ]
	},
	"objects": [
		{
			"class": "mando",
			"instance_id": 15486660,
			"visibility": 1,
			"location": [ -16.066400527954102, -58.125701904296875, 1076.1031494140625 ],
			"quaternion_xyzw": [ 0.16230000555515289, -0.28119999170303345, -0.04830000177025795, 0.94459998607635498 ],
			"pose_transform": [
				[ -0.54680001735687256, -0.27950000762939453, 0.78920000791549683, 0 ],
				[ 0.83719998598098755, -0.18260000646114349, 0.51550000905990601, 0 ],
				[ 0, -0.94260001182556152, -0.33379998803138733, 0 ],
				[ -16.066400527954102, -58.125701904296875, 1076.1031494140625, 1 ]
			],
			"cuboid_centroid": [ -65.563400268554688, 9.3739004135131836, 1065.7108154296875 ],
			"projected_cuboid_centroid": [ 240.25059509277344, 258.25180053710938 ],
			"bounding_box":
			{
				"top_left": [ 141.94659423828125, 143.47779846191406 ],
				"bottom_right": [ 398.77700805664063, 343.61660766601563 ]
			},
			"cuboid": [
				[ 35.492401123046875, -529.95458984375, 1294.611572265625 ],
				[ -468.61581420898438, -420.03729248046875, 984.2371826171875 ],
				[ -468.61581420898438, 394.35250854492188, 1272.6488037109375 ],
				[ 35.492401123046875, 284.43521118164063, 1583.023193359375 ],
				[ 337.4888916015625, -375.60470581054688, 858.7728271484375 ],
				[ -166.61929321289063, -265.68740844726563, 548.39849853515625 ],
				[ -166.61929321289063, 548.702392578125, 836.80999755859375 ],
				[ 337.4888916015625, 438.78509521484375, 1147.1844482421875 ]
			],
			"projected_cuboid": [
				[ 263.01840209960938, 151.20539855957031 ],
				[ 134.11300659179688, 146.74839782714844 ],
				[ 161.73539733886719, 335.32611083984375 ],
				[ 261.73968505859375, 301.99771118164063 ],
				[ 356.60528564453125, 144.03230285644531 ],
				[ 178.21980285644531, 131.97349548339844 ],
				[ 205.02720642089844, 423.86111450195313 ],
				[ 331.31228637695313, 353.9171142578125 ]
			]
		},
		{
			"class": "SM_RailRig_Mount",
			"instance_id": 16347030,
			"visibility": 0,
			"location": [ -300.347412109375, -231.26280212402344, 1050.809814453125 ],
			"quaternion_xyzw": [ 0.36340001225471497, -0.42890000343322754, -0.68620002269744873, -0.46169999241828918 ],
			"pose_transform": [
				[ -0.10260000079870224, 0.92409998178482056, 0.36800000071525574, 0 ],
				[ -0.30950000882148743, 0.32199999690055847, -0.89469999074935913, 0 ],
				[ 0.94529998302459717, 0.20579999685287476, -0.25299999117851257, 0 ],
				[ -300.347412109375, -231.26280212402344, 1050.809814453125, 1 ]
			],
			"cuboid_centroid": [ -300.347412109375, -231.26280212402344, 1050.809814453125 ],
			"projected_cuboid_centroid": [ 182.82879638671875, 199.65939331054688 ],
			"bounding_box":
			{
				"top_left": [ 194.3695068359375, 177.5928955078125 ],
				"bottom_right": [ 204.42759704589844, 188.23869323730469 ]
			},
			"cuboid": [
				[ -300.0963134765625, -203.31669616699219, 1028.9056396484375 ],
				[ -282.44351196289063, -221.68020629882813, 1079.9385986328125 ],
				[ -304.24020385742188, -226.4241943359375, 1085.771240234375 ],
				[ -321.89300537109375, -208.06069946289063, 1034.738037109375 ],
				[ -296.45458984375, -236.10139465332031, 1015.8485717773438 ],
				[ -278.80178833007813, -254.46499633789063, 1066.881591796875 ],
				[ -300.59860229492188, -259.20901489257813, 1072.7142333984375 ],
				[ -318.25140380859375, -240.84550476074219, 1021.6812133789063 ]
			],
			"projected_cuboid": [
				[ 181.33360290527344, 205.41319274902344 ],
				[ 189.04660034179688, 203.45060729980469 ],
				[ 184.26710510253906, 202.61439514160156 ],
				[ 176.36180114746094, 204.52459716796875 ],
				[ 181.29159545898438, 196.50100708007813 ],
				[ 189.10099792480469, 194.94070434570313 ],
				[ 184.26300048828125, 194.14059448242188 ],
				[ 176.25660705566406, 195.65199279785156 ]
			]
		},
		{
			"class": "SM_RailRig_Mount",
			"instance_id": 16777215,
			"visibility": 0.31000000238418579,
			"location": [ -115.07050323486328, -130.14399719238281, 788.68328857421875 ],
			"quaternion_xyzw": [ -0.69779998064041138, 0.56830000877380371, 0.22949999570846558, 0.37059998512268066 ],
			"pose_transform": [
				[ 0.10100000351667404, 0.77810001373291016, -0.61989998817443848, 0 ],
				[ 0.24869999289512634, -0.62309998273849487, -0.74159997701644897, 0 ],
				[ 0.96329998970031738, 0.079199999570846558, 0.25639998912811279, 0 ],
				[ -115.07050323486328, -130.14399719238281, 788.68328857421875, 1 ]
			],
			"cuboid_centroid": [ -115.07050323486328, -130.14399719238281, 788.68328857421875 ],
			"projected_cuboid_centroid": [ 218.64909362792969, 213.75639343261719 ],
			"bounding_box":
			{
				"top_left": [ 204.093505859375, 214.097900390625 ],
				"bottom_right": [ 223.37869262695313, 222.84559631347656 ]
			},
			"cuboid": [
				[ -95.081596374511719, -133.19650268554688, 759.49462890625 ],
				[ -109.26470184326172, -97.658699035644531, 801.79241943359375 ],
				[ -131.47569274902344, -99.485702514648438, 795.87982177734375 ],
				[ -117.2926025390625, -135.02349853515625, 753.5819091796875 ],
				[ -98.665199279785156, -160.80230712890625, 781.48681640625 ],
				[ -112.84829711914063, -125.26450347900391, 823.78472900390625 ],
				[ -135.05929565429688, -127.09149932861328, 817.8720703125 ],
				[ -120.87619781494141, -162.62939453125, 775.57421875 ]
			],
			"projected_cuboid": [
				[ 223.95120239257813, 211.10400390625 ],
				[ 221.1134033203125, 224.81910705566406 ],
				[ 213.71000671386719, 223.99980163574219 ],
				[ 216.15440368652344, 210.131103515625 ],
				[ 223.67919921875, 203.32429504394531 ],
				[ 220.93110656738281, 217.07269287109375 ],
				[ 213.72540283203125, 216.21940612792969 ],
				[ 216.10139465332031, 202.31959533691406 ]
			]
		}
	]
}