{
	"camera_data":
	{
		"location_worldframe": [ -17.343900680541992, 969.189208984375, 324.44259643554688 ],
		"quaternion_xyzw_worldframe": [ 0.10050000250339508, 0.13629999756813049, -0.58499997854232788, 0.79320001602172852 ]
	},
	"objects": [
		{
			"class": "mando",
			"instance_id": 15486660,
			"visibility": 1,
			"location": [ 1.3803000450134277, -58.813201904296875, 1078.04443359375 ],
			"quaternion_xyzw": [ 0.16750000417232513, -0.14720000326633453, -0.025299999862909317, 0.97450000047683716 ],
			"pose_transform": [
				[ -0.2953999936580658, -0.31889998912811279, 0.90060001611709595, 0 ],
				[ 0.95539999008178711, -0.098600000143051147, 0.27849999070167542, 0 ],
				[ 0, -0.94260001182556152, -0.33379998803138733, 0 ],
				[ 1.3803000450134277, -58.813201904296875, 1078.04443359375, 1 ]
			],
			"cuboid_centroid": [ -55.100399017333984, 3.7246999740600586, 1081.66259765625 ],
			"projected_cuboid_centroid": [ 242.95919799804688, 256.88150024414063 ],
			"bounding_box":
			{
				"top_left": [ 142.73779296875, 159.16549682617188 ],
				"bottom_right": [ 391.02139282226563, 347.38290405273438 ]
			},
			"cuboid": [
				[ 150.93840026855469, -521.22601318359375, 1269.9649658203125 ],
				[ -424.29629516601563, -461.84201049804688, 1102.2816162109375 ],
				[ -424.29629516601563, 352.54779052734375, 1390.6932373046875 ],
				[ 150.93840026855469, 293.1636962890625, 1558.3765869140625 ],
				[ 314.09548950195313, -345.098388671875, 772.632080078125 ],
				[ -261.13919067382813, -285.71429443359375, 604.94873046875 ],
				[ -261.13919067382813, 528.67547607421875, 893.3602294921875 ],
				[ 314.09548950195313, 469.29141235351563, 1061.0435791015625 ]
			],
			"projected_cuboid": [
				[ 286.42608642578125, 150.93110656738281 ],
				[ 157.45899963378906, 148.73930358886719 ],
				[ 177.89509582519531, 320.89730834960938 ],
				[ 280.79510498046875, 304.15899658203125 ],
				[ 360.07070922851563, 141.65679931640625 ],
				[ 145.49200439453125, 135.0924072265625 ],
				[ 181.16830444335938, 407.49649047851563 ],
				[ 331.78240966796875, 369.226806640625 ]
			]
		},
		{
			"class": "SM_RailRig_Mount",
			"instance_id": 16347030,
			"visibility": 0,
			"location": [ -246.91169738769531, 38.693801879882813, 1196.375244140625 ],
			"quaternion_xyzw": [ -0.20250000059604645, 0.012900000438094139, -0.96079999208450317, 0.18880000710487366 ],
			"pose_transform": [
				[ 0.39410001039505005, 0.051600001752376556, 0.91759997606277466, 0 ],
				[ -0.84670001268386841, -0.36800000071525574, 0.38429999351501465, 0 ],
				[ -0.35760000348091125, 0.92839998006820679, 0.10130000114440918, 0 ],
				[ -246.91169738769531, 38.693801879882813, 1196.375244140625, 1 ]
			],
			"cuboid_centroid": [ -246.91169738769531, 38.693801879882813, 1196.375244140625 ],
			"projected_cuboid_centroid": [ 203.16580200195313, 264.27969360351563 ],
			"bounding_box":
			{
				"top_left": [ 260.33779907226563, 196.41319274902344 ],
				"bottom_right": [ 268.15109252929688, 209.59710693359375 ]
			},
			"cuboid": [
				[ -268.18960571289063, 39.816200256347656, 1224.7801513671875 ],
				[ -219.897705078125, 60.807899475097656, 1202.86083984375 ],
				[ -211.65359497070313, 39.402301788330078, 1200.5244140625 ],
				[ -259.94549560546875, 18.410699844360352, 1222.443603515625 ],
				[ -282.1697998046875, 37.985298156738281, 1192.225830078125 ],
				[ -233.87800598144531, 58.976898193359375, 1170.306640625 ],
				[ -225.63389587402344, 37.571300506591797, 1167.969970703125 ],
				[ -273.92568969726563, 16.579700469970703, 1189.889404296875 ]
			],
			"projected_cuboid": [
				[ 199.94369506835938, 264.32229614257813 ],
				[ 209.19999694824219, 268.94149780273438 ],
				[ 210.86689758300781, 264.40219116210938 ],
				[ 201.56300354003906, 259.85549926757813 ],
				[ 195.41119384765625, 264.15640258789063 ],
				[ 204.83999633789063, 268.9010009765625 ],
				[ 206.54469299316406, 264.2349853515625 ],
				[ 197.06590270996094, 259.56710815429688 ]
			]
		},
		{
			"class": "SM_RailRig_Mount",
			"instance_id": 16777215,
			"visibility": 0,
			"location": [ -100.964599609375, 171.0574951171875, 1190.1259765625 ],
			"quaternion_xyzw": [ -0.65729999542236328, -0.43000000715255737, -0.34509998559951782, 0.51370000839233398 ],
			"pose_transform": [
				[ 0.012000000104308128, 0.97219997644424438, -0.23399999737739563, 0 ],
				[ 0.3919999897480011, 0.21070000529289246, 0.89550000429153442, 0 ],
				[ -0.91990000009536743, 0.10239999741315842, 0.37860000133514404, 0 ],
				[ -100.964599609375, 171.0574951171875, 1190.1259765625, 1 ]
			],
			"cuboid_centroid": [ -100.964599609375, 171.0574951171875, 1190.1259765625 ],
			"projected_cuboid_centroid": [ 234.2821044921875, 292.79510498046875 ],
			"bounding_box":
			{
				"top_left": [ 288.40859985351563, 229.86430358886719 ],
				"bottom_right": [ 296.88619995117188, 238.38650512695313 ]
			},
			"cuboid": [
				[ -100.17749786376953, 195.49180603027344, 1215.8787841796875 ],
				[ -122.53720092773438, 183.4739990234375, 1164.802001953125 ],
				[ -101.32759857177734, 181.11239624023438, 1156.07275390625 ],
				[ -78.968002319335938, 193.13020324707031, 1207.1494140625 ],
				[ -100.60150146484375, 161.00259399414063, 1224.17919921875 ],
				[ -122.96119689941406, 148.98480224609375, 1173.1024169921875 ],
				[ -101.75160217285156, 146.62319946289063, 1164.3734130859375 ],
				[ -79.391899108886719, 158.64100646972656, 1215.449951171875 ]
			],
			"projected_cuboid": [
				[ 234.90780639648438, 297.16030883789063 ],
				[ 229.06869506835938, 296.32391357421875 ],
				[ 233.56199645996094, 296.10540771484375 ],
				[ 239.25320434570313, 296.95709228515625 ],
				[ 234.96220397949219, 289.66879272460938 ],
				[ 229.16679382324219, 288.51220703125 ],
				[ 233.62879943847656, 288.2366943359375 ],
				[ 239.27830505371094, 289.4132080078125 ]
			]
		}
	]
}