{
	"camera_data":
	{
		"location_worldframe": [ -219.7344970703125, 880.3092041015625, 324.44259643554688 ],
		"quaternion_xyzw_worldframe": [ 0.084399998188018799, 0.14679999649524689, -0.49099999666213989, 0.85449999570846558 ]
	},
	"objects": [
		{
			"class": "mando",
			"instance_id": 15486660,
			"visibility": 0.98919999599456787,
			"location": [ -12.932399749755859, -58.372200012207031, 1076.7994384765625 ],
			"quaternion_xyzw": [ 0.16349999606609344, -0.25699999928474426, -0.044199999421834946, 0.95139998197555542 ],
			"pose_transform": [
				[ -0.50349998474121094, -0.28839999437332153, 0.81440001726150513, 0 ],
				[ 0.86400002241134644, -0.16809999942779541, 0.47459998726844788, 0 ],
				[ 0, -0.94260001182556152, -0.33379998803138733, 0 ],
				[ -12.932399749755859, -58.372200012207031, 1076.7994384765625, 1 ]
			],
			"cuboid_centroid": [ -64.010597229003906, 8.2725000381469727, 1068.821044921875 ],
			"projected_cuboid_centroid": [ 240.66850280761719, 257.98141479492188 ],
			"bounding_box":
			{
				"top_left": [ 142.07789611816406, 146.77789306640625 ],
				"bottom_right": [ 397.67550659179688, 344.42718505859375 ]
			},
			"cuboid": [
				[ 57.057300567626953, -529.16802978515625, 1292.390625 ],
				[ -463.15390014648438, -427.95721435546875, 1006.600830078125 ],
				[ -463.15390014648438, 386.43258666992188, 1295.012451171875 ],
				[ 57.057300567626953, 285.2218017578125, 1580.802001953125 ],
				[ 335.1328125, -369.8876953125, 842.62939453125 ],
				[ -185.07850646972656, -268.67678833007813, 556.839599609375 ],
				[ -185.07850646972656, 545.7130126953125, 845.251220703125 ],
				[ 335.1328125, 444.502197265625, 1131.041015625 ]
			],
			"projected_cuboid": [
				[ 267.30209350585938, 151.18110656738281 ],
				[ 138.21009826660156, 147.16140747070313 ],
				[ 164.44309997558594, 332.39059448242188 ],
				[ 265.2401123046875, 302.189697265625 ],
				[ 357.81698608398438, 143.62409973144531 ],
				[ 170.91250610351563, 132.47929382324219 ],
				[ 199.94560241699219, 421.27938842773438 ],
				[ 331.85400390625, 356.60870361328125 ]
			]
		},
		{
			"class": "SM_RailRig_Mount",
			"instance_id": 16347030,
			"visibility": 0,
			"location": [ -232.68789672851563, 61.883098602294922, 1183.095947265625 ],
			"quaternion_xyzw": [ -0.98659998178482056, 0.10249999910593033, 0.10199999809265137, 0.075599998235702515 ],
			"pose_transform": [
				[ -0.18580000102519989, 0.17010000348091125, -0.96780002117156982, 0 ],
				[ 0.95819997787475586, -0.18690000474452972, -0.21680000424385071, 0 ],
				[ 0.21770000457763672, 0.96749997138977051, 0.1281999945640564, 0 ],
				[ -232.68789672851563, 61.883098602294922, 1183.095947265625, 1 ]
			],
			"cuboid_centroid": [ -232.68789672851563, 61.883098602294922, 1183.095947265625 ],
			"projected_cuboid_centroid": [ 205.65069580078125, 269.39041137695313 ],
			"bounding_box":
			{
				"top_left": [ 265.49630737304688, 199.18879699707031 ],
				"bottom_right": [ 272.64810180664063, 212.6322021484375 ]
			},
			"cuboid": [
				[ -206.14799499511719, 70.724296569824219, 1161.2255859375 ],
				[ -260.79849243164063, 81.384300231933594, 1173.5908203125 ],
				[ -265.81900024414063, 59.075698852539063, 1170.6337890625 ],
				[ -211.16850280761719, 48.415599822998047, 1158.2685546875 ],
				[ -199.55690002441406, 64.690498352050781, 1195.5582275390625 ],
				[ -254.20730590820313, 75.350502014160156, 1207.92333984375 ],
				[ -259.22781372070313, 53.041900634765625, 1204.966552734375 ],
				[ -204.577392578125, 42.381801605224609, 1192.6014404296875 ]
			],
			"projected_cuboid": [
				[ 210.55329895019531, 271.59170532226563 ],
				[ 199.11099243164063, 273.752685546875 ],
				[ 197.86940002441406, 268.91900634765625 ],
				[ 209.32760620117188, 266.7008056640625 ],
				[ 213.26969909667969, 269.85189819335938 ],
				[ 202.12489318847656, 271.96939086914063 ],
				[ 200.92599487304688, 267.26901245117188 ],
				[ 212.08610534667969, 265.09759521484375 ]
			]
		},
		{
			"class": "SM_RailRig_Mount",
			"instance_id": 16777215,
			"visibility": 0.65060001611709595,
			"location": [ -23.270000457763672, 186.39219665527344, 946.8446044921875 ],
			"quaternion_xyzw": [ -0.66939997673034668, 0.12240000069141388, 0.58579999208450317, -0.44010001420974731 ],
			"pose_transform": [
				[ -0.89209997653961182, -0.44580000638961792, 0.073700003325939178, 0 ],
				[ 0.28360000252723694, -0.67960000038146973, -0.67659997940063477, 0 ],
				[ -0.35170000791549683, 0.58270001411437988, -0.73269999027252197, 0 ],
				[ -23.270000457763672, 186.39219665527344, 946.8446044921875, 1 ]
			],
			"cuboid_centroid": [ -23.270000457763672, 186.39219665527344, 946.8446044921875 ],
			"projected_cuboid_centroid": [ 249.70849609375, 306.39520263671875 ],
			"bounding_box":
			{
				"top_left": [ 299.04888916015625, 244.05599975585938 ],
				"bottom_right": [ 313.51010131835938, 256.55029296875 ]
			},
			"cuboid": [
				[ -35.059898376464844, 165.82220458984375, 920.41119384765625 ],
				[ -51.238201141357422, 204.58189392089844, 959.00079345703125 ],
				[ -43.128898620605469, 191.14750671386719, 975.89398193359375 ],
				[ -26.950599670410156, 152.38789367675781, 937.30438232421875 ],
				[ -3.4112000465393066, 181.63679504394531, 917.79522705078125 ],
				[ -19.589500427246094, 220.39649963378906, 956.385009765625 ],
				[ -11.480199813842773, 206.96209716796875, 973.2781982421875 ],
				[ 4.6981000900268555, 168.20249938964844, 934.6885986328125 ]
			],
			"projected_cuboid": [
				[ 246.24859619140625, 302.12130737304688 ],
				[ 242.32229614257813, 310.61199951171875 ],
				[ 244.68629455566406, 306.14248657226563 ],
				[ 248.63920593261719, 297.62078857421875 ],
				[ 255.04859924316406, 306.66390991210938 ],
				[ 250.75639343261719, 314.99459838867188 ],
				[ 252.98039245605469, 310.43701171875 ],
				[ 257.28680419921875, 302.06869506835938 ]
			]
		}
	]
}