{
	"camera_data":
	{
		"location_worldframe": [ 97.352302551269531, 997.15838623046875, 324.44259643554688 ],
		"quaternion_xyzw_worldframe": [ 0.10859999805688858, 0.12999999523162842, -0.63200002908706665, 0.75620001554489136 ]
	},
	"objects": [
		{
			"class": "mando",
			"instance_id": 15486660,
			"visibility": 1,
			"location": [ 9.0306997299194336, -58.601799011230469, 1077.44775390625 ],
			"quaternion_xyzw": [ 0.16869999468326569, -0.087800003588199615, -0.01510000042617321, 0.98159998655319214 ],
			"pose_transform": [
				[ -0.17749999463558197, -0.32850000262260437, 0.9276999831199646, 0 ],
				[ 0.98409998416900635, -0.059300001710653305, 0.16730000078678131, 0 ],
				[ 0, -0.94260001182556152, -0.33379998803138733, 0 ],
				[ 9.0306997299194336, -58.601799011230469, 1077.44775390625, 1 ]
			],
			"cuboid_centroid": [ -49.150199890136719, 1.6086000204086304, 1087.6378173828125 ],
			"projected_cuboid_centroid": [ 244.431396484375, 256.37860107421875 ],
			"bounding_box":
			{
				"top_left": [ 143.12449645996094, 158.18119812011719 ],
				"bottom_right": [ 386.52200317382813, 346.93521118164063 ]
			},
			"cuboid": [
				[ 198.10859680175781, -514.14111328125, 1249.959228515625 ],
				[ -394.44110107421875, -478.46051025390625, 1149.2076416015625 ],
				[ -394.44110107421875, 335.92919921875, 1437.619140625 ],
				[ 198.10859680175781, 300.24859619140625, 1538.370849609375 ],
				[ 296.14080810546875, -332.71200561523438, 737.65631103515625 ],
				[ -296.40899658203125, -297.03131103515625, 636.90447998046875 ],
				[ -296.40899658203125, 517.3585205078125, 925.31622314453125 ],
				[ 296.14080810546875, 481.67779541015625, 1026.0679931640625 ]
			],
			"projected_cuboid": [
				[ 296.57400512695313, 150.70050048828125 ],
				[ 168.13349914550781, 149.41709899902344 ],
				[ 185.76100158691406, 315.8197021484375 ],
				[ 288.96719360351563, 305.96429443359375 ],
				[ 358.77420043945313, 140.53399658203125 ],
				[ 136.86019897460938, 136.610107421875 ],
				[ 173.99490356445313, 399.13360595703125 ],
				[ 329.885986328125, 376.17678833007813 ]
			]
		},
		{
			"class": "SM_RailRig_Mount",
			"instance_id": 16347030,
			"visibility": 0,
			"location": [ -262.79058837890625, -229.05889892578125, 1087.46240234375 ],
			"quaternion_xyzw": [ 0.56510001420974731, 0.80739998817443848, 0.043600000441074371, -0.16410000622272491 ],
			"pose_transform": [
				[ -0.21570000052452087, 0.25580000877380371, -0.94239997863769531, 0 ],
				[ -0.3075999915599823, 0.89819997549057007, 0.3142000138759613, 0 ],
				[ -0.92669999599456787, -0.35760000348091125, 0.11509999632835388, 0 ],
				[ -262.79058837890625, -229.05889892578125, 1087.46240234375, 1 ]
			],
			"cuboid_centroid": [ -262.79058837890625, -229.05889892578125, 1087.46240234375 ],
			"projected_cuboid_centroid": [ 194.13639831542969, 202.07719421386719 ],
			"bounding_box":
			{
				"top_left": [ 194.9053955078125, 189.71080017089844 ],
				"bottom_right": [ 208.45829772949219, 199.39410400390625 ]
			},
			"cuboid": [
				[ -286.07281494140625, -203.03070068359375, 1081.0338134765625 ],
				[ -268.52978515625, -254.25849914550781, 1063.11279296875 ],
				[ -247.16189575195313, -246.0126953125, 1060.459228515625 ],
				[ -264.70489501953125, -194.78489685058594, 1078.38037109375 ],
				[ -278.41940307617188, -212.1051025390625, 1114.4654541015625 ],
				[ -260.87640380859375, -263.3328857421875, 1096.54443359375 ],
				[ -239.50840759277344, -255.08709716796875, 1093.8907470703125 ],
				[ -257.051513671875, -203.85940551757813, 1111.811767578125 ]
			],
			"projected_cuboid": [
				[ 188.2550048828125, 207.92030334472656 ],
				[ 191.33740234375, 194.77400207519531 ],
				[ 196.33399963378906, 196.61140441894531 ],
				[ 193.16090393066406, 209.7593994140625 ],
				[ 192.04530334472656, 207.27810668945313 ],
				[ 195.09559631347656, 194.5220947265625 ],
				[ 199.94859313964844, 196.30270385742188 ],
				[ 196.81269836425781, 209.06039428710938 ]
			]
		},
		{
			"class": "SM_RailRig_Mount",
			"instance_id": 16777215,
			"visibility": 0,
			"location": [ 1.5415999889373779, -109.73100280761719, 1197.1463623046875 ],
			"quaternion_xyzw": [ 0.14820000529289246, 0.87150001525878906, 0.39829999208450317, 0.24490000307559967 ],
			"pose_transform": [
				[ 0.54490000009536743, 0.62150001525878906, -0.56279999017715454, 0 ],
				[ -0.83609998226165771, 0.45339998602867126, -0.30880001187324524, 0 ],
				[ -0.063299998641014099, -0.63880002498626709, -0.76670002937316895, 0 ],
				[ 1.5415999889373779, -109.73100280761719, 1197.1463623046875, 1 ]
			],
			"cuboid_centroid": [ 1.5415999889373779, -109.73100280761719, 1197.1463623046875 ],
			"projected_cuboid_centroid": [ 256.3297119140625, 232.53500366210938 ],
			"bounding_box":
			{
				"top_left": [ 227.33599853515625, 249.64630126953125 ],
				"bottom_right": [ 238.21099853515625, 262.77899169921875 ]
			},
			"cuboid": [
				[ -13.365500450134277, -93.139999389648438, 1169.5172119140625 ],
				[ 34.322101593017578, -119.00289916992188, 1187.1302490234375 ],
				[ 35.781299591064453, -104.27310180664063, 1204.80859375 ],
				[ -11.906299591064453, -78.410202026367188, 1187.195556640625 ],
				[ -32.698101043701172, -115.18890380859375, 1189.484375 ],
				[ 14.989399909973145, -141.05180358886719, 1207.09716796875 ],
				[ 16.448699951171875, -126.3218994140625, 1224.775634765625 ],
				[ -31.238899230957031, -100.45909881591797, 1207.16259765625 ]
			],
			"projected_cuboid": [
				[ 253.07440185546875, 235.6123046875 ],
				[ 263.40139770507813, 230.33749389648438 ],
				[ 263.6029052734375, 233.84390258789063 ],
				[ 253.43260192871094, 239.09210205078125 ],
				[ 248.96279907226563, 231.2091064453125 ],
				[ 259.17898559570313, 226.08590698242188 ],
				[ 259.4381103515625, 229.59649658203125 ],
				[ 249.37530517578125, 234.69590759277344 ]
			]
		}
	]
}