{
	"camera_data":
	{
		"location_worldframe": [ -302.36050415039063, 826.36041259765625, 324.44259643554688 ],
		"quaternion_xyzw_worldframe": [ 0.07680000364780426, 0.15090000629425049, -0.44710001349449158, 0.8783000111579895 ]
	},
	"objects": [
		{
			"class": "mando",
			"instance_id": 15486660,
			"visibility": 1,
			"location": [ -19.138700485229492, -57.828300476074219, 1075.263427734375 ],
			"quaternion_xyzw": [ 0.16099999845027924, -0.30500000715255737, -0.052400000393390656, 0.93720000982284546 ],
			"pose_transform": [
				[ -0.58850002288818359, -0.26989999413490295, 0.7620999813079834, 0 ],
				[ 0.80849999189376831, -0.19650000333786011, 0.55470001697540283, 0 ],
				[ 0, -0.94260001182556152, -0.33379998803138733, 0 ],
				[ -19.138700485229492, -57.828300476074219, 1075.263427734375, 1 ]
			],
			"cuboid_centroid": [ -66.937599182128906, 10.493000030517578, 1062.55078125 ],
			"projected_cuboid_centroid": [ 239.872802734375, 258.52810668945313 ],
			"bounding_box":
			{
				"top_left": [ 141.82310485839844, 140.33479309082031 ],
				"bottom_right": [ 399.71450805664063, 342.92138671875 ]
			},
			"cuboid": [
				[ 13.973600387573242, -530.372314453125, 1295.7913818359375 ],
				[ -472.83950805664063, -412.08578491210938, 961.7847900390625 ],
				[ -472.83950805664063, 402.30398559570313, 1250.1961669921875 ],
				[ 13.973600387573242, 284.01748657226563, 1584.20263671875 ],
				[ 338.96450805664063, -381.3179931640625, 874.9053955078125 ],
				[ -147.84869384765625, -263.03140258789063, 540.898681640625 ],
				[ -147.84869384765625, 551.3583984375, 829.3101806640625 ],
				[ 338.96450805664063, 433.0718994140625, 1163.3167724609375 ]
			],
			"projected_cuboid": [
				[ 258.76071166992188, 151.21820068359375 ],
				[ 130.14349365234375, 146.31440734863281 ],
				[ 159.17770385742188, 338.37890625 ],
				[ 258.25808715820313, 301.89590454101563 ],
				[ 355.18209838867188, 144.42520141601563 ],
				[ 186.02529907226563, 131.51089477539063 ],
				[ 210.360595703125, 426.19900512695313 ],
				[ 330.59271240234375, 351.302001953125 ]
			]
		},
		{
			"class": "SM_RailRig_Mount",
			"instance_id": 16347030,
			"visibility": 0,
			"location": [ -114.50129699707031, -255.99690246582031, 1142.4554443359375 ],
			"quaternion_xyzw": [ -0.68870002031326294, -0.6445000171661377, 0.28709998726844788, -0.16730000078678131 ],
			"pose_transform": [
				[ -0.17970000207424164, -0.60039997100830078, -0.77920001745223999, 0 ],
				[ 0.0044999998062849045, 0.79159998893737793, -0.61100000143051147, 0 ],
				[ -0.9836999773979187, 0.11339999735355377, 0.1395999938249588, 0 ],
				[ -114.50129699707031, -255.99690246582031, 1142.4552001953125, 1 ]
			],
			"cuboid_centroid": [ -114.50129699707031, -255.99690246582031, 1142.4554443359375 ],
			"projected_cuboid_centroid": [ 230.34280395507813, 198.63650512695313 ],
			"bounding_box":
			{
				"top_left": [ 192.06050109863281, 227.5458984375 ],
				"bottom_right": [ 205.26980590820313, 234.02169799804688 ]
			},
			"cuboid": [
				[ -128.90109252929688, -242.76609802246094, 1112.8167724609375 ],
				[ -129.1593017578125, -287.9158935546875, 1147.66845703125 ],
				[ -106.47810363769531, -290.52960205078125, 1144.450439453125 ],
				[ -106.21990203857422, -245.37969970703125, 1109.5987548828125 ],
				[ -122.52459716796875, -221.46429443359375, 1140.4599609375 ],
				[ -122.78279876708984, -266.61419677734375, 1175.311767578125 ],
				[ -100.10150146484375, -269.22781372070313, 1172.09375 ],
				[ -99.843399047851563, -224.0780029296875, 1137.2421875 ]
			],
			"projected_cuboid": [
				[ 226.3468017578125, 200.15240478515625 ],
				[ 227.189697265625, 191.77720642089844 ],
				[ 232.18220520019531, 191.01199340820313 ],
				[ 231.49369812011719, 199.38749694824219 ],
				[ 228.49690246582031, 206.28770446777344 ],
				[ 229.25619506835938, 197.92759704589844 ],
				[ 234.1365966796875, 197.19729614257813 ],
				[ 233.52470397949219, 205.55870056152344 ]
			]
		},
		{
			"class": "SM_RailRig_Mount",
			"instance_id": 16777215,
			"visibility": 0,
			"location": [ -22.5447998046875, -191.5924072265625, 993.96380615234375 ],
			"quaternion_xyzw": [ -0.52910000085830688, 0.19159999489784241, -0.65960001945495605, -0.49819999933242798 ],
			"pose_transform": [
				[ 0.50709998607635498, -0.77999997138977051, 0.36660000681877136, 0 ],
				[ 0.056299999356269836, 0.45440000295639038, 0.88899999856948853, 0 ],
				[ 0.86000001430511475, 0.4302000105381012, -0.27439999580383301, 0 ],
				[ -22.5447998046875, -191.5924072265625, 993.96380615234375, 1 ]
			],
			"cuboid_centroid": [ -22.5447998046875, -191.5924072265625, 993.96380615234375 ],
			"projected_cuboid_centroid": [ 250.193603515625, 206.65449523925781 ],
			"bounding_box":
			{
				"top_left": [ 198.90179443359375, 244.84979248046875 ],
				"bottom_right": [ 214.10670471191406, 253.94999694824219 ]
			},
			"cuboid": [
				[ -2.0288000106811523, -187.51010131835938, 1022.6567993164063 ],
				[ -5.2399997711181641, -213.4281005859375, 971.9501953125 ],
				[ -25.069700241088867, -223.34730529785156, 978.2760009765625 ],
				[ -21.858600616455078, -197.42919921875, 1028.9825439453125 ],
				[ -20.019800186157227, -159.83740234375, 1009.651611328125 ],
				[ -23.230899810791016, -185.7554931640625, 958.94500732421875 ],
				[ -43.060699462890625, -195.67460632324219, 965.27081298828125 ],
				[ -39.849498748779297, -169.75660705566406, 1015.9774169921875 ]
			],
			"projected_cuboid": [
				[ 255.49220275878906, 209.06089782714844 ],
				[ 254.61990356445313, 199.78559875488281 ],
				[ 249.439697265625, 197.55340576171875 ],
				[ 250.56190490722656, 206.88169860839844 ],
				[ 250.92399597167969, 215.47279357910156 ],
				[ 249.79840087890625, 206.41070556640625 ],
				[ 244.57989501953125, 204.10499572753906 ],
				[ 245.95899963378906, 213.22579956054688 ]
			]
		}
	]
}