{
	"camera_data":
	{
		"location_worldframe": [ -174.36039733886719, 905.16082763671875, 324.44259643554688 ],
		"quaternion_xyzw_worldframe": [ 0.08829999715089798, 0.1445000022649765, -0.51359999179840088, 0.84119999408721924 ]
	},
	"objects": [
		{
			"class": "mando",
			"instance_id": 15486660,
			"visibility": 1,
			"location": [ -9.6215000152587891, -58.572498321533203, 1077.36474609375 ],
			"quaternion_xyzw": [ 0.16459999978542328, -0.23160000145435333, -0.039799999445676804, 0.95789998769760132 ],
			"pose_transform": [
				[ -0.45690000057220459, -0.29699999094009399, 0.83850002288818359, 0 ],
				[ 0.88950002193450928, -0.15250000357627869, 0.43070000410079956, 0 ],
				[ 0, -0.94260001182556152, -0.33379998803138733, 0 ],
				[ -9.6215000152587891, -58.572498321533203, 1077.36474609375, 1 ]
			],
			"cuboid_centroid": [ -62.210300445556641, 7.1515002250671387, 1071.9862060546875 ],
			"projected_cuboid_centroid": [ 241.14370727539063, 257.7078857421875 ],
			"bounding_box":
			{
				"top_left": [ 142.22230529785156, 150.35690307617188 ],
				"bottom_right": [ 396.3634033203125, 345.5137939453125 ]
			},
			"cuboid": [
				[ 79.432197570800781, -527.9556884765625, 1288.9674072265625 ],
				[ -456.164306640625, -436.1221923828125, 1029.65625 ],
				[ -456.164306640625, 378.26760864257813, 1318.0679931640625 ],
				[ 79.432197570800781, 286.43411254882813, 1577.3790283203125 ],
				[ 331.74371337890625, -363.964599609375, 825.90460205078125 ],
				[ -203.85279846191406, -272.131103515625, 566.593505859375 ],
				[ -203.85279846191406, 542.25872802734375, 855.00518798828125 ],
				[ 331.74371337890625, 450.42520141601563, 1114.3160400390625 ]
			],
			"projected_cuboid": [
				[ 271.7760009765625, 151.14349365234375 ],
				[ 142.58549499511719, 147.56840515136719 ],
				[ 167.40220642089844, 329.468505859375 ],
				[ 268.89151000976563, 302.4866943359375 ],
				[ 358.82839965820313, 143.18440246582031 ],
				[ 163.89469909667969, 133.04490661621094 ],
				[ 194.96380615234375, 418.3594970703125 ],
				[ 332.21389770507813, 359.4794921875 ]
			]
		},
		{
			"class": "SM_RailRig_Mount",
			"instance_id": 16347030,
			"visibility": 0,
			"location": [ -181.21299743652344, 209.8511962890625, 1090.0457763671875 ],
			"quaternion_xyzw": [ -0.84710001945495605, 0.23829999566078186, 0.40999999642372131, 0.23980000615119934 ],
			"pose_transform": [
				[ -0.58039999008178711, 0.60159999132156372, -0.54879999160766602, 0 ],
				[ 0.55019998550415039, -0.2070000022649765, -0.80889999866485596, 0 ],
				[ 0.60030001401901245, 0.77149999141693115, 0.21089999377727509, 0 ],
				[ -181.21299743652344, 209.8511962890625, 1090.0460205078125, 1 ]
			],
			"cuboid_centroid": [ -181.21299743652344, 209.8511962890625, 1090.0457763671875 ],
			"projected_cuboid_centroid": [ 213.44180297851563, 305.28408813476563 ],
			"bounding_box":
			{
				"top_left": [ 300.12890625, 207.03219604492188 ],
				"bottom_right": [ 308.904296875, 219.3916015625 ]
			},
			"cuboid": [
				[ -168.89579772949219, 223.5133056640625, 1059.67333984375 ],
				[ -200.27999877929688, 235.32110595703125, 1105.8123779296875 ],
				[ -214.12100219726563, 217.53329467773438, 1100.9498291015625 ],
				[ -182.73680114746094, 205.72549438476563, 1054.810791015625 ],
				[ -148.30490112304688, 202.16900634765625, 1079.141845703125 ],
				[ -179.68910217285156, 213.97689819335938, 1125.281005859375 ],
				[ -193.53010559082031, 196.18910217285156, 1120.41845703125 ],
				[ -162.14590454101563, 184.38130187988281, 1074.2794189453125 ]
			],
			"projected_cuboid": [
				[ 215.19760131835938, 309.9971923828125 ],
				[ 209.6343994140625, 310.47781372070313 ],
				[ 206.21119689941406, 306.58230590820313 ],
				[ 211.65029907226563, 305.92910766601563 ],
				[ 220.81840515136719, 303.95968627929688 ],
				[ 215.12100219726563, 304.67950439453125 ],
				[ 211.78109741210938, 300.82650756835938 ],
				[ 217.36079406738281, 299.93789672851563 ]
			]
		},
		{
			"class": "SM_RailRig_Mount",
			"instance_id": 16777215,
			"visibility": 0,
			"location": [ 155.45469665527344, -20.785200119018555, 1120.0526123046875 ],
			"quaternion_xyzw": [ -0.81919997930526733, -0.51480001211166382, -0.082800000905990601, 0.23890000581741333 ],
			"pose_transform": [
				[ -0.11020000278949738, 0.47670000791549683, -0.87209999561309814, 0 ],
				[ 0.45629999041557312, 0.80379998683929443, 0.38170000910758972, 0 ],
				[ -0.88300001621246338, 0.35589998960494995, 0.30610001087188721, 0 ],
				[ 155.45469665527344, -20.785200119018555, 1120.0526123046875, 1 ]
			],
			"cuboid_centroid": [ 155.45469665527344, -20.785200119018555, 1120.0526123046875 ],
			"projected_cuboid_centroid": [ 291.53091430664063, 251.24940490722656 ],
			"bounding_box":
			{
				"top_left": [ 244.58900451660156, 287.26278686523438 ],
				"bottom_right": [ 258.3623046875, 295.81118774414063 ]
			},
			"cuboid": [
				[ 156.33299255371094, 14.696800231933594, 1118.9964599609375 ],
				[ 130.30760192871094, -31.150299072265625, 1097.2264404296875 ],
				[ 150.66639709472656, -39.355800628662109, 1090.1685791015625 ],
				[ 176.69189453125, 6.4911999702453613, 1111.9385986328125 ],
				[ 160.24310302734375, -2.2144999504089355, 1149.9366455078125 ],
				[ 134.21769714355469, -48.061599731445313, 1128.1666259765625 ],
				[ 154.57650756835938, -56.267101287841797, 1121.1090087890625 ],
				[ 180.60189819335938, -10.420100212097168, 1142.8790283203125 ]
			],
			"projected_cuboid": [
				[ 291.76541137695313, 259.3623046875 ],
				[ 286.40280151367188, 248.73219299316406 ],
				[ 291.38040161132813, 246.75830078125 ],
				[ 296.67959594726563, 257.4945068359375 ],
				[ 291.67349243164063, 255.50700378417969 ],
				[ 286.456298828125, 245.093994140625 ],
				[ 291.29690551757813, 243.15170288085938 ],
				[ 296.4541015625, 253.66600036621094 ]
			]
		}
	]
}