{
	"camera_data":
	{
		"location_worldframe": [ 37.075099945068359, 984.30157470703125, 324.44259643554688 ],
		"quaternion_xyzw_worldframe": [ 0.10440000146627426, 0.13330000638961792, -0.60769999027252197, 0.77590000629425049 ]
	},
	"objects": [
		{
			"class": "mando",
			"instance_id": 15486660,
			"visibility": 1,
			"location": [ 5.0480999946594238, -58.750801086425781, 1077.868408203125 ],
			"quaternion_xyzw": [ 0.16809999942779541, -0.11890000104904175, -0.020400000736117363, 0.97839999198913574 ],
			"pose_transform": [
				[ -0.23950000107288361, -0.32409998774528503, 0.91519999504089355, 0 ],
				[ 0.97089999914169312, -0.079899996519088745, 0.2257000058889389, 0 ],
				[ 0, -0.94260001182556152, -0.33379998803138733, 0 ],
				[ 5.0480999946594238, -58.750801086425781, 1077.86865234375, 1 ]
			],
			"cuboid_centroid": [ -52.351299285888672, 2.6826999187469482, 1084.6048583984375 ],
			"projected_cuboid_centroid": [ 243.64349365234375, 256.63320922851563 ],
			"bounding_box":
			{
				"top_left": [ 142.92050170898438, 158.47599792480469 ],
				"bottom_right": [ 388.93890380859375, 347.36248779296875 ]
			},
			"cuboid": [
				[ 173.81500244140625, -518.07708740234375, 1261.0732421875 ],
				[ -410.77529907226563, -469.93939208984375, 1125.1463623046875 ],
				[ -410.77529907226563, 344.45040893554688, 1413.5579833984375 ],
				[ 173.81500244140625, 296.31271362304688, 1549.484619140625 ],
				[ 306.07269287109375, -339.08489990234375, 755.651611328125 ],
				[ -278.51760864257813, -290.94720458984375, 619.72479248046875 ],
				[ -278.51760864257813, 523.442626953125, 908.13641357421875 ],
				[ 306.07269287109375, 475.30490112304688, 1044.063232421875 ]
			],
			"projected_cuboid": [
				[ 291.28469848632813, 150.82949829101563 ],
				[ 162.53790283203125, 149.07659912109375 ],
				[ 181.60719299316406, 318.381103515625 ],
				[ 284.71701049804688, 304.9556884765625 ],
				[ 359.69140625, 141.12469482421875 ],
				[ 140.94810485839844, 135.8135986328125 ],
				[ 177.48699951171875, 403.556396484375 ],
				[ 331.04769897460938, 372.54278564453125 ]
			]
		},
		{
			"class": "SM_RailRig_Mount",
			"instance_id": 16347030,
			"visibility": 0,
			"location": [ 165.01019287109375, -40.083999633789063, 1087.4696044921875 ],
			"quaternion_xyzw": [ -0.60159999132156372, 0.47580000758171082, 0.59609997272491455, 0.23739999532699585 ],
			"pose_transform": [
				[ -0.49120000004768372, 0.8529999852180481, -0.17659999430179596, 0 ],
				[ -0.16349999606609344, -0.28940001130104065, -0.9430999755859375, 0 ],
				[ 0.85559999942779541, 0.43439999222755432, -0.28159999847412109, 0 ],
				[ 165.01019287109375, -40.083999633789063, 1087.4696044921875, 1 ]
			],
			"cuboid_centroid": [ 165.01019287109375, -40.083999633789063, 1087.4696044921875 ],
			"projected_cuboid_centroid": [ 294.84478759765625, 246.56390380859375 ],
			"bounding_box":
			{
				"top_left": [ 240.34959411621094, 290.33468627929688 ],
				"bottom_right": [ 251.79820251464844, 297.92401123046875 ]
			},
			"cuboid": [
				[ 161.49789428710938, -28.199800491333008, 1054.193603515625 ],
				[ 170.82319641113281, -11.692299842834473, 1107.9871826171875 ],
				[ 151.09649658203125, -21.708099365234375, 1114.4805908203125 ],
				[ 141.77110290527344, -38.2156982421875, 1060.68701171875 ],
				[ 178.92390441894531, -58.459800720214844, 1060.4586181640625 ],
				[ 188.24920654296875, -41.952301025390625, 1114.252197265625 ],
				[ 168.52250671386719, -51.968101501464844, 1120.745361328125 ],
				[ 159.19720458984375, -68.475700378417969, 1066.9517822265625 ]
			],
			"projected_cuboid": [
				[ 295.21798706054688, 249.15199279785156 ],
				[ 295.46859741210938, 253.29849243164063 ],
				[ 290.70730590820313, 251.01359558105469 ],
				[ 290.216796875, 246.77650451660156 ],
				[ 299.193115234375, 241.88749694824219 ],
				[ 299.25030517578125, 246.36149597167969 ],
				[ 294.49380493164063, 244.12950134277344 ],
				[ 294.19711303710938, 239.57020568847656 ]
			]
		},
		{
			"class": "SM_RailRig_Mount",
			"instance_id": 16777215,
			"visibility": 0,
			"location": [ -9.8149995803833008, 110.21589660644531, 1336.6929931640625 ],
			"quaternion_xyzw": [ 0.060699999332427979, 0.70340001583099365, 0.5339999794960022, -0.46520000696182251 ],
			"pose_transform": [
				[ -0.58960002660751343, 0.80769997835159302, 0.0030000000260770321, 0 ],
				[ -0.55989998579025269, -0.41139999032020569, 0.7192000150680542, 0 ],
				[ -0.58209997415542603, -0.42239999771118164, -0.69480001926422119, 0 ],
				[ -9.8149995803833008, 110.21589660644531, 1336.6929931640625, 1 ]
			],
			"cuboid_centroid": [ -9.8149995803833008, 110.21589660644531, 1336.6929931640625 ],
			"projected_cuboid_centroid": [ 254.12019348144531, 277.10830688476563 ],
			"bounding_box":
			{
				"top_left": [ 272.12899780273438, 248.97230529785156 ],
				"bottom_right": [ 282.51669311523438, 259.56451416015625 ]
			},
			"cuboid": [
				[ -42.951698303222656, 107.93959808349609, 1349.248046875 ],
				[ -11.019000053405762, 131.40620422363281, 1308.225830078125 ],
				[ 2.4033000469207764, 141.14520263671875, 1324.2452392578125 ],
				[ -29.529499053955078, 117.67859649658203, 1365.2674560546875 ],
				[ -22.033199310302734, 79.286598205566406, 1349.140625 ],
				[ 9.8994998931884766, 102.75330352783203, 1308.118408203125 ],
				[ 23.321699142456055, 112.49230194091797, 1324.1378173828125 ],
				[ -8.6110000610351563, 89.025596618652344, 1365.1600341796875 ]
			],
			"projected_cuboid": [
				[ 247.85049438476563, 276.48001098632813 ],
				[ 253.84370422363281, 281.71420288085938 ],
				[ 256.464599609375, 283.285888671875 ],
				[ 250.46290588378906, 278.0657958984375 ],
				[ 251.81910705566406, 271.04470825195313 ],
				[ 257.93728637695313, 276.10888671875 ],
				[ 260.5087890625, 277.74850463867188 ],
				[ 254.38519287109375, 272.69439697265625 ]
			]
		}
	]
}